{
	"mute": "🔇",
	"volumemiddle": "🔉",
	"volumelow": "🔈",
	"volumehigh": "🔊",
	"stop": "⏯️",
  "giveaway" : "🎁",
	"skip": "↪️",
	"shuffle": "🔀",
	"rewind": "↩️",
	"resume": "▶️",
	"remove": "⏏️",
	"queue": "🎧",
	"playlist": "🎧",
	"play": "▶️",
	"pause": "⏸️",
	"loop": "🔁",
	"forward": "↪️",
	"filter": "🪩",
	"autoplay": "💞",
	"addsong": "💞",
	"music": "💞",
	"warn": "⚠️",
	"join": "✅",
	"leave": "✅",
	"about": "🌐",
	"jump": "↪️",
	
	"youtube music":	"💿ＹＭ　｜　",
	"youtube":			"🎬ＹＴ　｜　",
	"soundcloud":		"☁️ＳＣ　｜　"
}